[
  {
    "productId": 1,
    "sku": "S6650/48",
    "title": "Philips Series 6000",
    "subtitle": "Wet & Dry Shaver",
    "sliderImage": "Series_6000/series-6000.png",
    "homePageCutImage": "Home_extras/series-6000-half.png",
    "description": "<p>More Comfort,<br>less skin irritation</p>",
    "video": "S6000.mp4",
    "category": "Wet & Dry Shaver",
    "disclaimer": "",
    "features": [
      {
        "item": {
          "title": "Anti-friction<br>coating",
          "subtitle": " ",
          "position": "bottom",
          "disclaimer": "",
          "featureDescription": "<p>Unique anti-friction coating is designed to reduce friction against your skin to minimise irritation.</p>",
          "featureIcon": "Series_6000/icon-Anti-friction-coating.svg",
          "featureBackground": "Series_6000/img-Anti-friction-coating.jpg"
        }
      },
      {
        "item": {
          "title": "MultiPrecision<br>Blades",
          "subtitle": " ",
          "position": "top",
          "disclaimer": "",
          "featureDescription": "<p>MultiPrecision Blades lift up both long and short hairs to cut them in just a few strokes for a fast, comfortable shave.</p>",
          "featureIcon": "Series_6000/icon-MultiPrecision-Blades.svg",
          "featureBackground": "Series_6000/img-MultiPrecision-Blades.jpg"
        }
      },
      {
        "item": {
          "title": "5-direction<br>Flex Heads",
          "subtitle": " ",
          "position": "bottom",
          "disclaimer": "",
          "featureDescription": "<p>The 5-direction Flex shaving head follow the curve of your face and neck to give you a comfortable shave even in touch to reach areas.</p>",
          "featureIcon": "Series_6000/icon-5-direction-Flex-Heads.svg",
          "featureBackground": "Series_6000/img-5-direction-Flex-Heads.jpg"
        }
      },
      {
        "item": {
          "title": "Skin Protection<br>System",
          "subtitle": " ",
          "position": "bottom",
          "disclaimer": "",
          "featureDescription": "<p>The Rotary Skin Protection System glides smoothly across your skin with its rounded head profile so you can shave closely without nicks and cuts.</p>",
          "featureIcon": "Series_6000/icon-Skin-Protection-System.svg",
          "featureBackground": "Series_6000/img-Skin-Protection-System.jpg"
        }
      },
      {
        "item": {
          "title": "60 minutes of<br>cordless shaving",
          "subtitle": " ",
          "position": "bottom",
          "disclaimer": "",
          "featureDescription": "<p>60 minutes of cordless shaving time from a one hour charge.</p>",
          "featureIcon": "Series_6000/icon-60-minutes-of-cordless-shaving.svg",
          "featureBackground": "Series_6000/img-60-minutes-of-cordless-shaving.jpg"
        }
      },
      {
        "item": {
          "title": "SmartClick Precision Trimmer",
          "subtitle": " ",
          "position": "bottom",
          "disclaimer": "",
          "featureDescription": "<p>Includes Precision Trimmer and Nose Trimmer to complete your shaving experience.</p>",
          "featureIcon": "Series_6000/icon-SmartClick-Precision-Trimmers.svg",
          "featureBackground": "Series_6000/img-SmartClick-Precision-Trimmers.jpg"
        }
      },
      {
        "item": {
          "title": "Skin Guard<br>Setting",
          "subtitle": " ",
          "position": "bottom",
          "disclaimer": "",
          "featureDescription": "<p>Extra protection setting for a gentler rotation speed designed to give you better skin comfort.</p>",
          "featureIcon": "Series_6000/icon-Skin-Guard-Setting.svg",
          "featureBackground": "Series_6000/img-Skin-Guard-Setting.jpg"
        }
      }
    ]
  },
  {
    "productId": 2,
    "sku": "S7960/17",
    "title": "Philips Series 7000",
    "subtitle": "Wet & Dry Shaver",
    "sliderImage": "Series_7000/series-7000.png",
    "homePageCutImage": "Home_extras/series-7000-half.png",
    "description": "<p>A shave as unique as your skin</p>",
    "video": "S7000.mp4",
    "category": "Wet & Dry Shaver",
    "features": [
      {
        "item": {
          "title": "GentlePrecision<br>Blades",
          "subtitle": " ",
          "position": "bottom",
          "featureDescription": "<p>Gently follow the contours of your face and neck with shaver heads that flex easily along every curve. Less pressure is needed to shave closely, so the stress on your skin is minimised.</p>",
          "featureIcon": "Series_7000/icon-GentlePrecision-Blades.svg",
          "featureBackground": "Series_7000/img-GentlePrecision-Blades.jpg"
        }
      },
      {
        "item": {
          "title": "SkinGlide<br>Rings",
          "subtitle": " ",
          "position": "top",
          "featureDescription": "<p>This advanced innovation enables each shaving head ring to be coated with thousands of tiny, glass-like spheres for the ultimate smooth shave and maximum skin comfort.</p>",
          "featureIcon": "Series_7000/icon-SkinGlide-Rings.svg",
          "featureBackground": "Series_7000/img-SkinGlide-Rings.jpg"
        }
      },
      {
        "item": {
          "title": "Multi-Direction<br>ContourDetect",
          "subtitle": " ",
          "position": "bottom",
          "featureDescription": "<p>Gently follow the contours of your face and neck with shaver heads that flex easily along every curve. Less pressure is needed to shave closely, so the stress on your skin is minimised.</p>",
          "featureIcon": "Series_7000/icon-Multi-Direction-ContourDetect.svg",
          "featureBackground": "Series_7000/img-Multi-direction.jpg"
        }
      },
      {
        "item": {
          "title": "BeardAdapt<br>Sensor",
          "subtitle": " ",
          "position": "bottom",
          "featureDescription": "<p>Built-in BeardAdapt Sensor checks your facial hair density and automatically adjusts the power.</p>",
          "featureIcon": "Series_7000/icon-BeardAdapt-Sensor.svg",
          "featureBackground": "Series_7000/img-BeardAdapt-Sensor.jpg"
        }
      },
      {
        "item": {
          "title": "Sensitive Skin<br>Settings",
          "subtitle": " ",
          "position": "bottom",
          "featureDescription": "<p>Input your skin needs into the GroomTribe app to shave with the recommended speed setting for your skin or choose your own. Choose from normal, sensitive or extra sensitive.</p>",
          "featureIcon": "Series_7000/icon-Sensitive-Skin-Settings.svg",
          "featureBackground": "Series_7000/img-Sensitive-Skin-Settings.jpg"
        }
      },
      {
        "item": {
          "title": "Personal Shave<br>Plan",
          "subtitle": " ",
          "position": "bottom",
          "featureDescription": "<p>Co-developed with dermatologists, the connected app provides advice on your shaving technique to help with specific skin issues.</p>",
          "featureIcon": "Series_7000/icon-Personal-Shave-Plan.svg",
          "featureBackground": "Series_7000/img-Personal-Shave-Plan.jpg"
        }
      },
      {
        "item": {
          "title": "50 minutes of<br>cordless shaving",
          "subtitle": " ",
          "position": "bottom",
          "featureDescription": "<p>50 minutes of cordless shaving time from a one hour charge.</p>",
          "featureIcon": "Series_7000/icon-50-minutes-of-cordless-shaving.svg",
          "featureBackground": "Series_7000/img-50-min-cordless.jpg"
        }
      },
      {
        "item": {
          "title": "SmartClick Beard<br>Styler",
          "subtitle": " ",
          "position": "bottom",
          "featureDescription": "<p>Choose from 5 length settings to create anything from perfect stubble look to a short, neatly trimmed beard. Or use the styler to pre-trim before shaving.</p>",
          "featureIcon": "Series_7000/icon-SmartClick-Beard-Styler.svg",
          "featureBackground": "Series_7000/img-SmartClick-Beard-Styler.jpg"
        }
      }
    ]
  },
  {
    "productId": 3,
    "sku": "SP9860/14",
    "title": "Series 9000 Prestige",
    "subtitle": "Wet & Dry Shaver",
    "sliderImage": "9000_Prestige/series-9000.png",
    "homePageCutImage": "Home_extras/series-9000-half.png",
    "description": "<p>Philips closest shave, with uncompromised comfort</p>",
    "video": "",
    "category": "Wet & Dry Shaver",
    "features": [
      {
        "item": {
          "title": "Extra Strong<br>Blades",
          "subtitle": " ",
          "position": "bottom",
          "featureDescription": "<p>NanoTech precision blades with extra strong sharp edges deliver extremely close results.</p>",
          "featureIcon": "9000_Prestige/icon-Extra-Strong-Blades.svg",
          "featureBackground": "9000_Prestige/img-Extra-Strong-Blades.jpg"
        }
      },
      {
        "item": {
          "title": "Skin Comfort<br>Rings",
          "subtitle": " ",
          "position": "top",
          "featureDescription": "<p>Skin comfort rings with anti-friction coating glide smoothly over every contour.</p>",
          "featureIcon": "9000_Prestige/icon-Skin-Comfort-Rings.svg",
          "featureBackground": "9000_Prestige/img-Skin-Comfort-Rings.jpg"
        }
      },
      {
        "item": {
          "title": "Beard<br>Adapt",
          "subtitle": " ",
          "position": "bottom",
          "featureDescription": "<p>Shave off even a dense 7-day beard effortlessly. The BeardAdapt Sensor checks the hair density automatically adapts the shaver to your hair.</p>",
          "featureIcon": "9000_Prestige/icon-Beard-Adapt-Sensor.svg",
          "featureBackground": "9000_Prestige/img-Beard-Adapt.jpg"
        }
      },
      {
        "item": {
          "title": "Wireless Qi<br>Charging",
          "subtitle": " ",
          "position": "bottom",
          "featureDescription": "<p>Fully charge your shaver in 3 hours for 60 mins of cordless shaving. Compatible with all Qi-compliant devices.</p>",
          "featureIcon": "9000_Prestige/icon-Wireless-Qui-Charging.svg",
          "featureBackground": "9000_Prestige/img-Wireless-Qui-Charging.jpg"
        }
      },
      {
        "item": {
          "title": "Skin Comfort<br>System",
          "subtitle": " ",
          "position": "bottom",
          "featureDescription": "<p>Catch more hair with less passes and adjust your personal comfort settings to choose a mode that is right for you.</p>",
          "featureIcon": "9000_Prestige/icon-Skin-Comfort-System.svg",
          "featureBackground": "9000_Prestige/img-Skin-Comfort-System.jpg"
        }
      },
      {
        "item": {
          "title": "Travel Case",
          "subtitle": " ",
          "position": "bottom",
          "featureDescription": "<p>Store all your accessories including the Qi Pad and in the premium travel case.</p>",
          "featureIcon": "9000_Prestige/icon-Travel-Case.svg",
          "featureBackground": "9000_Prestige/img-Travel-Case.jpg"
        }
      },
      {
        "item": {
          "title": "SmartClick<br>Attachments",
          "subtitle": " ",
          "position": "bottom",
          "featureDescription": "<p>Turn your shaver into a beard styler, precision trimmer or cleansing brush with the SmartClick attachments.</p>",
          "featureIcon": "9000_Prestige/icon-SmartClick-Attachments.svg",
          "featureBackground": "9000_Prestige/img-SmartClick-Attachments.jpg"
        }
      }
    ]
  },
  {
    "productId": 4,
    "sku": "S3580/06",
    "title": "Philips Series 3000",
    "subtitle": "Wet & Dry Shaver",
    "sliderImage": "Series_3000/Series-3000.png",
    "homePageCutImage": "",
    "description": "<p>An Easy, comfortable shave</p>",
    "video": "",
    "category": "Wet & Dry Shaver",
    "features": [
      {
        "item": {
          "title": "ComfortCut<br>Blades",
          "subtitle": " ",
          "position": "top",
          "featureDescription": "<p>ComfortCut Blade System glides smoothly across your skin thanks to the rounded profile heads.</p>",
          "featureIcon": "Series_3000/icon-ComfortCut-Blades.svg",
          "featureBackground": "Series_3000/img-ComfortCut-Blades.jpg"
        }
      },
      {
        "item": {
          "title": "4-directional DynamicFlex heads",
          "subtitle": " ",
          "position": "bottom",
          "featureDescription": "<p>Follow every curve of your face and neck to give you a comfortable shave even in tough to reach areas.</p>",
          "featureIcon": "Series_3000/icon-4-directional-DynamicFlex-heads.svg",
          "featureBackground": "Series_3000/img-4-direction-heads.jpg"
        }
      },
      {
        "item": {
          "title": "50 minutes of<br>cordless shaving",
          "subtitle": " ",
          "position": "bottom",
          "featureDescription": "<p>50 minutes of cordless shaving time from a one hour charge.</p>",
          "featureIcon": "Series_3000/icon-50 minutes-of-cordless-shaving.svg",
          "featureBackground": "Series_3000/img-50-minutes-of-cordless-shaving.jpg"
        }
      },
      {
        "item": {
          "title": "Pop-up<br>Trimmer",
          "subtitle": " ",
          "position": "bottom",
          "featureDescription": "<p>Complete your shaving experience with the Pop-up Trimmer- ideal for shaping your moustache and sideburns.</p>",
          "featureIcon": "Series_3000/icon-Pop-up-Trimmer.svg",
          "featureBackground": "Series_3000/img-Pop-up-Trimmer.jpg"
        }
      }
    ]
  },
  {
    "productId": 5,
    "sku": "S5530/06",
    "title": "Philips Series 5000",
    "subtitle": "Wet & Dry Shaver",
    "sliderImage": "Series_5000/Series-5000.png",
    "homePageCutImage": "",
    "description": "<p>Discover a fast, close shave</p>",
    "video": "",
    "category": "Wet & Dry Shaver",
    "features": [
      {
        "item": {
          "title": "MultiPrecision<br>Blade System",
          "subtitle": " ",
          "position": "top",
          "featureDescription": "<p>MultiPrecision Blade System raises and cuts all hairs and remaining stubble – all in a few strokes.</p>",
          "featureIcon": "Series_5000/icon-MultiPrecision-Blade-System.svg",
          "featureBackground": "Series_5000/img-MultiPrecision-Blade-System.jpg"
        }
      },
      {
        "item": {
          "title": "5-directional<br>DynamicFlex heads",
          "subtitle": " ",
          "position": "top",
          "featureDescription": "<p>5-directional ContourDetect Heads follow every curve of your face and neck to give you a comfortable shave even in tough to reach areas.</p>",
          "featureIcon": "Series_5000/icon-5-direction-Flex-Heads.svg",
          "featureBackground": "Series_5000/img-5-direction-Flex-Heads.jpg"
        }
      },
      {
        "item": {
          "title": "Turbo+ mode",
          "subtitle": " ",
          "position": "bottom",
          "featureDescription": "<p>Shave even faster through dense parts of your beard with the 20% extra power boost.</p>",
          "featureIcon": "Series_5000/icon-Turbo+-mode.svg",
          "featureBackground": "Series_5000/img-Turbo+-mode.jpg"
        }
      },
      {
        "item": {
          "title": "Super Lift &<br>Cut Action",
          "subtitle": " ",
          "position": "bottom",
          "featureDescription": "<p>Shave closer with the dual-blade Super Lift & Cut Action. The first blade raises each hair while the second blade comfortably cuts below skin level.</p>",
          "featureIcon": "Series_5000/icon-Super-Lift-and-Cut-Action.svg",
          "featureBackground": "Series_5000/img-Super-Lift-and-Cut-Action.jpg"
        }
      },
      {
        "item": {
          "title": "50 minutes of<br>cordless shaving",
          "subtitle": " ",
          "position": "bottom",
          "featureDescription": "<p>50 minutes of cordless shaving time from a one hour charge.</p>",
          "featureIcon": "Series_5000/icon-50 minutes-of-cordless-shaving.svg",
          "featureBackground": "Series_5000/img-50-min-cordless.jpg"
        }
      },
      {
        "item": {
          "title": "SmartClick<br>Precision Trimmer",
          "subtitle": " ",
          "position": "bottom",
          "featureDescription": "<p>The SmartClick Precision Trimmer is ideal for shaping your moustache and sideburns.</p>",
          "featureIcon": "Series_5000/icon-SmartClick-Precision-Trimmer.svg",
          "featureBackground": "Series_5000/img-SmartClick-Precision-Trimmer.jpg"
        }
      }
    ]
  },
  {
    "productId": 6,
    "sku": "S3561/12",
    "title": "Philishave Series 3000",
    "subtitle": "Wet & Dry Shaver",
    "sliderImage": "Series_3000_H/Series-3000-H.png",
    "homePageCutImage": "",
    "description": "<p>80 years heritage edition</p>",
    "video": "",
    "category": "Wet & Dry Shaver",
    "features": [
      {
        "item": {
          "title": "ComfortCut<br>Blades",
          "subtitle": " ",
          "position": "top",
          "featureDescription": "<p>ComfortCut Blade System glides smoothly across your skin thanks to the rounded profile heads.</p>",
          "featureIcon": "Series_3000_H/icon-ComfortCut-Blades.svg",
          "featureBackground": "Series_3000_H/img-ComfortCut-Blades.jpg"
        }
      },
      {
        "item": {
          "title": "4-directional<br>DynamicFlex heads",
          "subtitle": " ",
          "position": "bottom",
          "featureDescription": "<p>Follow every curve of your face and neck to give you a comfortable shave even in tough to reach areas.</p>",
          "featureIcon": "Series_3000_H/icon-4-directional-DynamicFlex-heads.svg",
          "featureBackground": "Series_3000_H/img-4-directional.jpg"
        }
      },
      {
        "item": {
          "title": "60 minutes of<br>cordless shaving",
          "subtitle": " ",
          "position": "bottom",
          "featureDescription": "<p>60 minutes of cordless shaving time from a one hour charge.</p>",
          "featureIcon": "Series_3000_H/icon-60 minutes-of-cordless-shaving.svg",
          "featureBackground": "Series_3000_H/img-60-minutes-of-cordless-shaving.jpg"
        }
      },
      {
        "item": {
          "title": "Pop-up<br>Trimmer",
          "subtitle": " ",
          "position": "bottom",
          "featureDescription": "<p>Complete your shaving experience with the Pop-up Trimmer- ideal for shaping your moustache and sideburns.</p>",
          "featureIcon": "Series_3000_H/icon-Pop-up-Trimmer.svg",
          "featureBackground": "Series_3000_H/img-pop-up-trimmer.jpg"
        }
      }
    ]
  }
]